time,pm2_5,pm10,carbon_monoxide,area
2026-08-19 00:00:00,9.2,12.2,247.0,RR Nagar
2026-08-19 01:00:00,7.7,10.3,195.0,RR Nagar
2026-08-19 02:00:00,6.6,8.8,158.0,RR Nagar
2026-08-19 03:00:00,5.7,7.5,145.0,RR Nagar
2026-08-19 04:00:00,5.2,6.8,147.0,RR Nagar
2026-08-19 05:00:00,4.5,6.1,158.0,RR Nagar
2026-08-19 06:00:00,4.8,6.7,186.0,RR Nagar
2026-08-19 07:00:00,5.8,8.5,224.0,RR Nagar
2026-08-19 08:00:00,5.9,9.4,242.0,RR Nagar
2026-08-19 09:00:00,5.8,10.0,221.0,RR Nagar
2026-08-19 10:00:00,5.7,9.6,180.0,RR Nagar
2026-08-19 11:00:00,5.4,9.4,151.0,RR Nagar
2026-08-19 12:00:00,5.7,10.6,139.0,RR Nagar
2026-08-19 13:00:00,6.5,13.3,140.0,RR Nagar
2026-08-19 14:00:00,7.6,16.2,165.0,RR Nagar
2026-08-19 15:00:00,8.6,18.5,241.0,RR Nagar
2026-08-19 16:00:00,9.0,16.5,342.0,RR Nagar
2026-08-19 17:00:00,10.7,16.6,406.0,RR Nagar
2026-08-19 18:00:00,11.5,16.8,397.0,RR Nagar
2026-08-19 19:00:00,12.5,17.9,351.0,RR Nagar
2026-08-19 20:00:00,11.4,16.2,308.0,RR Nagar
2026-08-19 21:00:00,10.1,14.1,286.0,RR Nagar
2026-08-19 22:00:00,8.8,12.0,267.0,RR Nagar
2026-08-19 23:00:00,7.3,9.6,245.0,RR Nagar
2026-08-20 00:00:00,5.7,7.6,213.0,RR Nagar
2026-08-20 01:00:00,4.6,6.3,177.0,RR Nagar
2026-08-20 02:00:00,4.2,6.0,151.0,RR Nagar
2026-08-20 03:00:00,3.8,5.5,138.0,RR Nagar
2026-08-20 04:00:00,3.3,4.7,134.0,RR Nagar
2026-08-20 05:00:00,3.1,4.4,139.0,RR Nagar
2026-08-20 06:00:00,3.3,4.6,162.0,RR Nagar
2026-08-20 07:00:00,3.6,5.3,195.0,RR Nagar
2026-08-20 08:00:00,4.4,7.3,214.0,RR Nagar
2026-08-20 09:00:00,5.3,8.8,203.0,RR Nagar
2026-08-20 10:00:00,5.9,10.7,178.0,RR Nagar
2026-08-20 11:00:00,5.9,11.6,159.0,RR Nagar
2026-08-20 12:00:00,6.2,13.0,149.0,RR Nagar
2026-08-20 13:00:00,6.3,13.8,146.0,RR Nagar
2026-08-20 14:00:00,6.7,14.5,162.0,RR Nagar
2026-08-20 15:00:00,7.0,13.9,218.0,RR Nagar
2026-08-20 16:00:00,8.0,14.5,294.0,RR Nagar
2026-08-20 17:00:00,9.6,17.4,341.0,RR Nagar
2026-08-20 18:00:00,10.2,15.7,333.0,RR Nagar
2026-08-20 19:00:00,11.0,16.5,296.0,RR Nagar
2026-08-20 20:00:00,10.3,14.5,264.0,RR Nagar
2026-08-20 21:00:00,9.3,12.5,253.0,RR Nagar
2026-08-20 22:00:00,8.7,11.5,248.0,RR Nagar
2026-08-20 23:00:00,7.7,10.0,234.0,RR Nagar
2026-08-21 00:00:00,6.5,8.6,202.0,RR Nagar
2026-08-21 01:00:00,6.2,8.6,163.0,RR Nagar
2026-08-21 02:00:00,5.6,7.5,133.0,RR Nagar
2026-08-21 03:00:00,4.9,6.4,119.0,RR Nagar
2026-08-21 04:00:00,4.3,5.7,116.0,RR Nagar
2026-08-21 05:00:00,3.9,5.1,122.0,RR Nagar
2026-08-21 06:00:00,3.8,5.0,146.0,RR Nagar
2026-08-21 07:00:00,4.2,6.0,180.0,RR Nagar
2026-08-21 08:00:00,5.0,7.7,200.0,RR Nagar
2026-08-21 09:00:00,5.6,8.4,191.0,RR Nagar
2026-08-21 10:00:00,6.4,10.2,168.0,RR Nagar
2026-08-21 11:00:00,7.2,12.6,151.0,RR Nagar
2026-08-21 12:00:00,8.6,17.2,148.0,RR Nagar
2026-08-21 13:00:00,9.5,19.3,151.0,RR Nagar
2026-08-21 14:00:00,9.7,19.6,163.0,RR Nagar
2026-08-21 15:00:00,9.9,19.7,191.0,RR Nagar
2026-08-21 16:00:00,9.6,18.0,227.0,RR Nagar
2026-08-21 17:00:00,9.3,15.4,251.0,RR Nagar
2026-08-21 18:00:00,10.3,15.2,250.0,RR Nagar
2026-08-21 19:00:00,10.7,14.5,236.0,RR Nagar
2026-08-21 20:00:00,10.3,13.6,223.0,RR Nagar
2026-08-21 21:00:00,9.8,12.9,216.0,RR Nagar
2026-08-21 22:00:00,9.2,12.0,210.0,RR Nagar
2026-08-21 23:00:00,7.1,9.1,199.0,RR Nagar
2026-08-22 00:00:00,5.6,7.1,178.0,RR Nagar
2026-08-22 01:00:00,4.7,5.9,153.0,RR Nagar
2026-08-22 02:00:00,4.1,5.4,136.0,RR Nagar
2026-08-22 03:00:00,3.9,5.2,133.0,RR Nagar
2026-08-22 04:00:00,3.7,4.9,137.0,RR Nagar
2026-08-22 05:00:00,3.4,4.5,147.0,RR Nagar
2026-08-22 06:00:00,3.2,4.1,166.0,RR Nagar
2026-08-22 07:00:00,3.6,4.5,189.0,RR Nagar
2026-08-22 08:00:00,3.7,5.0,201.0,RR Nagar
2026-08-22 09:00:00,4.0,6.0,190.0,RR Nagar
2026-08-22 10:00:00,4.6,7.1,167.0,RR Nagar
2026-08-22 11:00:00,5.2,8.5,151.0,RR Nagar
2026-08-22 12:00:00,5.6,9.7,145.0,RR Nagar
2026-08-22 13:00:00,6.1,10.8,146.0,RR Nagar
2026-08-22 14:00:00,6.3,10.9,162.0,RR Nagar
2026-08-22 15:00:00,6.2,10.5,209.0,RR Nagar
2026-08-22 16:00:00,6.4,10.8,271.0,RR Nagar
2026-08-22 17:00:00,7.7,11.0,313.0,RR Nagar
2026-08-22 18:00:00,8.4,11.3,317.0,RR Nagar
2026-08-22 19:00:00,8.6,10.8,301.0,RR Nagar
2026-08-22 20:00:00,7.7,9.4,281.0,RR Nagar
2026-08-22 21:00:00,6.7,8.1,261.0,RR Nagar
2026-08-22 22:00:00,5.3,6.3,237.0,RR Nagar
2026-08-22 23:00:00,4.4,5.1,214.0,RR Nagar
2026-08-23 00:00:00,3.4,4.0,192.0,RR Nagar
2026-08-23 01:00:00,3.3,4.5,171.0,RR Nagar
2026-08-23 02:00:00,2.7,3.5,158.0,RR Nagar
2026-08-23 03:00:00,2.6,3.4,157.0,RR Nagar
2026-08-23 04:00:00,2.5,3.5,163.0,RR Nagar
2026-08-23 05:00:00,2.5,3.5,156.0,RR Nagar
2026-08-23 06:00:00,3.0,4.2,148.5,RR Nagar
2026-08-23 07:00:00,3.2,4.8,146.0,RR Nagar
2026-08-23 08:00:00,3.6,5.3,145.0,RR Nagar
2026-08-23 09:00:00,5.0,9.2,144.0,RR Nagar
2026-08-23 10:00:00,5.3,8.6,141.0,RR Nagar
2026-08-23 11:00:00,5.7,9.8,137.0,RR Nagar
2026-08-23 12:00:00,5.3,9.4,132.0,RR Nagar
2026-08-23 13:00:00,5.6,10.5,127.0,RR Nagar
2026-08-23 14:00:00,5.5,10.4,131.0,RR Nagar
2026-08-23 15:00:00,5.7,11.0,152.0,RR Nagar
2026-08-23 16:00:00,7.1,12.6,181.0,RR Nagar
2026-08-23 17:00:00,7.2,10.5,201.0,RR Nagar
2026-08-23 18:00:00,6.5,9.0,205.0,RR Nagar
2026-08-23 19:00:00,6.7,8.6,201.0,RR Nagar
2026-08-23 20:00:00,6.0,7.6,193.0,RR Nagar
2026-08-23 21:00:00,5.3,6.4,183.0,RR Nagar
2026-08-23 22:00:00,4.7,5.5,170.0,RR Nagar
2026-08-23 23:00:00,3.9,4.7,157.0,RR Nagar
2026-08-24 00:00:00,4.0,5.7,146.0,RR Nagar
2026-08-24 01:00:00,3.4,4.7,136.0,RR Nagar
2026-08-24 02:00:00,2.6,3.3,128.0,RR Nagar
2026-08-24 03:00:00,2.4,3.1,124.0,RR Nagar
2026-08-24 04:00:00,2.5,3.3,123.0,RR Nagar
2026-08-24 05:00:00,2.6,3.4,122.0,RR Nagar
2026-08-24 06:00:00,,,,RR Nagar
2026-08-24 07:00:00,,,,RR Nagar
2026-08-24 08:00:00,,,,RR Nagar
2026-08-24 09:00:00,,,,RR Nagar
2026-08-24 10:00:00,,,,RR Nagar
2026-08-24 11:00:00,,,,RR Nagar
2026-08-24 12:00:00,,,,RR Nagar
2026-08-24 13:00:00,,,,RR Nagar
2026-08-24 14:00:00,,,,RR Nagar
2026-08-24 15:00:00,,,,RR Nagar
2026-08-24 16:00:00,,,,RR Nagar
2026-08-24 17:00:00,,,,RR Nagar
2026-08-24 18:00:00,,,,RR Nagar
2026-08-24 19:00:00,,,,RR Nagar
2026-08-24 20:00:00,,,,RR Nagar
2026-08-24 21:00:00,,,,RR Nagar
2026-08-24 22:00:00,,,,RR Nagar
2026-08-24 23:00:00,,,,RR Nagar
2026-08-25 00:00:00,,,,RR Nagar
2026-08-25 01:00:00,,,,RR Nagar
2026-08-25 02:00:00,,,,RR Nagar
2026-08-25 03:00:00,,,,RR Nagar
2026-08-25 04:00:00,,,,RR Nagar
2026-08-25 05:00:00,,,,RR Nagar
2026-08-25 06:00:00,,,,RR Nagar
2026-08-25 07:00:00,,,,RR Nagar
2026-08-25 08:00:00,,,,RR Nagar
2026-08-25 09:00:00,,,,RR Nagar
2026-08-25 10:00:00,,,,RR Nagar
2026-08-25 11:00:00,,,,RR Nagar
2026-08-25 12:00:00,,,,RR Nagar
2026-08-25 13:00:00,,,,RR Nagar
2026-08-25 14:00:00,,,,RR Nagar
2026-08-25 15:00:00,,,,RR Nagar
2026-08-25 16:00:00,,,,RR Nagar
2026-08-25 17:00:00,,,,RR Nagar
2026-08-25 18:00:00,,,,RR Nagar
2026-08-25 19:00:00,,,,RR Nagar
2026-08-25 20:00:00,,,,RR Nagar
2026-08-25 21:00:00,,,,RR Nagar
2026-08-25 22:00:00,,,,RR Nagar
2026-08-25 23:00:00,,,,RR Nagar
2026-08-19 00:00:00,9.2,12.2,263.0,Indiranagar
2026-08-19 01:00:00,7.7,10.3,213.0,Indiranagar
2026-08-19 02:00:00,6.6,8.8,178.0,Indiranagar
2026-08-19 03:00:00,5.7,7.5,160.0,Indiranagar
2026-08-19 04:00:00,5.2,6.8,158.0,Indiranagar
2026-08-19 05:00:00,4.5,6.1,175.0,Indiranagar
2026-08-19 06:00:00,4.8,6.7,232.0,Indiranagar
2026-08-19 07:00:00,5.8,8.5,309.0,Indiranagar
2026-08-19 08:00:00,5.9,9.4,350.0,Indiranagar
2026-08-19 09:00:00,5.8,10.0,320.0,Indiranagar
2026-08-19 10:00:00,5.7,9.6,254.0,Indiranagar
2026-08-19 11:00:00,5.4,9.4,206.0,Indiranagar
2026-08-19 12:00:00,5.7,10.6,187.0,Indiranagar
2026-08-19 13:00:00,6.5,13.3,186.0,Indiranagar
2026-08-19 14:00:00,7.6,16.2,219.0,Indiranagar
2026-08-19 15:00:00,8.6,18.5,313.0,Indiranagar
2026-08-19 16:00:00,9.0,16.5,442.0,Indiranagar
2026-08-19 17:00:00,10.7,16.6,543.0,Indiranagar
2026-08-19 18:00:00,11.5,16.8,601.0,Indiranagar
2026-08-19 19:00:00,12.5,17.9,632.0,Indiranagar
2026-08-19 20:00:00,11.4,16.2,623.0,Indiranagar
2026-08-19 21:00:00,10.1,14.1,552.0,Indiranagar
2026-08-19 22:00:00,8.8,12.0,440.0,Indiranagar
2026-08-19 23:00:00,7.3,9.6,341.0,Indiranagar
2026-08-20 00:00:00,5.7,7.6,271.0,Indiranagar
2026-08-20 01:00:00,4.6,6.3,213.0,Indiranagar
2026-08-20 02:00:00,4.2,6.0,175.0,Indiranagar
2026-08-20 03:00:00,3.8,5.5,160.0,Indiranagar
2026-08-20 04:00:00,3.3,4.7,165.0,Indiranagar
2026-08-20 05:00:00,3.1,4.4,186.0,Indiranagar
2026-08-20 06:00:00,3.3,4.6,238.0,Indiranagar
2026-08-20 07:00:00,3.6,5.3,306.0,Indiranagar
2026-08-20 08:00:00,4.4,7.3,342.0,Indiranagar
2026-08-20 09:00:00,5.3,8.8,315.0,Indiranagar
2026-08-20 10:00:00,5.9,10.7,257.0,Indiranagar
2026-08-20 11:00:00,5.9,11.6,212.0,Indiranagar
2026-08-20 12:00:00,6.2,13.0,197.0,Indiranagar
2026-08-20 13:00:00,6.3,13.8,196.0,Indiranagar
2026-08-20 14:00:00,6.7,14.5,209.0,Indiranagar
2026-08-20 15:00:00,7.0,13.9,242.0,Indiranagar
2026-08-20 16:00:00,8.0,14.5,289.0,Indiranagar
2026-08-20 17:00:00,9.6,17.4,328.0,Indiranagar
2026-08-20 18:00:00,10.2,15.7,354.0,Indiranagar
2026-08-20 19:00:00,11.0,16.5,373.0,Indiranagar
2026-08-20 20:00:00,10.3,14.5,378.0,Indiranagar
2026-08-20 21:00:00,9.3,12.5,365.0,Indiranagar
2026-08-20 22:00:00,8.7,11.5,339.0,Indiranagar
2026-08-20 23:00:00,7.7,10.0,304.0,Indiranagar
2026-08-21 00:00:00,6.5,8.6,256.0,Indiranagar
2026-08-21 01:00:00,6.2,8.6,199.0,Indiranagar
2026-08-21 02:00:00,5.6,7.5,159.0,Indiranagar
2026-08-21 03:00:00,4.9,6.4,141.0,Indiranagar
2026-08-21 04:00:00,4.3,5.7,139.0,Indiranagar
2026-08-21 05:00:00,3.9,5.1,156.0,Indiranagar
2026-08-21 06:00:00,3.8,5.0,209.0,Indiranagar
2026-08-21 07:00:00,4.2,6.0,280.0,Indiranagar
2026-08-21 08:00:00,5.0,7.7,320.0,Indiranagar
2026-08-21 09:00:00,5.6,8.4,296.0,Indiranagar
2026-08-21 10:00:00,6.4,10.2,241.0,Indiranagar
2026-08-21 11:00:00,7.2,12.6,201.0,Indiranagar
2026-08-21 12:00:00,8.6,17.2,193.0,Indiranagar
2026-08-21 13:00:00,9.5,19.3,200.0,Indiranagar
2026-08-21 14:00:00,9.7,19.6,214.0,Indiranagar
2026-08-21 15:00:00,9.9,19.7,235.0,Indiranagar
2026-08-21 16:00:00,9.6,18.0,262.0,Indiranagar
2026-08-21 17:00:00,9.3,15.4,290.0,Indiranagar
2026-08-21 18:00:00,10.3,15.2,320.0,Indiranagar
2026-08-21 19:00:00,10.7,14.5,350.0,Indiranagar
2026-08-21 20:00:00,10.3,13.6,364.0,Indiranagar
2026-08-21 21:00:00,9.8,12.9,353.0,Indiranagar
2026-08-21 22:00:00,9.2,12.0,325.0,Indiranagar
2026-08-21 23:00:00,7.1,9.1,289.0,Indiranagar
2026-08-22 00:00:00,5.6,7.1,240.0,Indiranagar
2026-08-22 01:00:00,4.7,5.9,183.0,Indiranagar
2026-08-22 02:00:00,4.1,5.4,144.0,Indiranagar
2026-08-22 03:00:00,3.9,5.2,135.0,Indiranagar
2026-08-22 04:00:00,3.7,4.9,145.0,Indiranagar
2026-08-22 05:00:00,3.4,4.5,165.0,Indiranagar
2026-08-22 06:00:00,3.2,4.1,204.0,Indiranagar
2026-08-22 07:00:00,3.6,4.5,254.0,Indiranagar
2026-08-22 08:00:00,3.7,5.0,282.0,Indiranagar
2026-08-22 09:00:00,4.0,6.0,268.0,Indiranagar
2026-08-22 10:00:00,4.6,7.1,232.0,Indiranagar
2026-08-22 11:00:00,5.2,8.5,205.0,Indiranagar
2026-08-22 12:00:00,5.6,9.7,198.0,Indiranagar
2026-08-22 13:00:00,6.1,10.8,201.0,Indiranagar
2026-08-22 14:00:00,6.3,10.9,213.0,Indiranagar
2026-08-22 15:00:00,6.2,10.5,235.0,Indiranagar
2026-08-22 16:00:00,6.4,10.8,268.0,Indiranagar
2026-08-22 17:00:00,7.7,11.0,308.0,Indiranagar
2026-08-22 18:00:00,8.4,11.3,372.0,Indiranagar
2026-08-22 19:00:00,8.6,10.8,445.0,Indiranagar
2026-08-22 20:00:00,7.7,9.4,478.0,Indiranagar
2026-08-22 21:00:00,6.7,8.1,439.0,Indiranagar
2026-08-22 22:00:00,5.3,6.3,361.0,Indiranagar
2026-08-22 23:00:00,4.4,5.1,289.0,Indiranagar
2026-08-23 00:00:00,3.4,4.0,236.0,Indiranagar
2026-08-23 01:00:00,3.3,4.5,190.0,Indiranagar
2026-08-23 02:00:00,2.7,3.5,159.0,Indiranagar
2026-08-23 03:00:00,2.6,3.4,153.0,Indiranagar
2026-08-23 04:00:00,2.5,3.5,164.0,Indiranagar
2026-08-23 05:00:00,2.5,3.5,159.0,Indiranagar
2026-08-23 06:00:00,3.0,4.2,150.5,Indiranagar
2026-08-23 07:00:00,3.2,4.8,147.0,Indiranagar
2026-08-23 08:00:00,3.6,5.3,145.0,Indiranagar
2026-08-23 09:00:00,5.0,9.2,144.0,Indiranagar
2026-08-23 10:00:00,5.3,8.6,141.0,Indiranagar
2026-08-23 11:00:00,5.7,9.8,137.0,Indiranagar
2026-08-23 12:00:00,5.3,9.4,132.0,Indiranagar
2026-08-23 13:00:00,5.6,10.5,127.0,Indiranagar
2026-08-23 14:00:00,5.5,10.4,131.0,Indiranagar
2026-08-23 15:00:00,5.7,11.0,152.0,Indiranagar
2026-08-23 16:00:00,7.1,12.6,181.0,Indiranagar
2026-08-23 17:00:00,7.2,10.5,201.0,Indiranagar
2026-08-23 18:00:00,6.5,9.0,205.0,Indiranagar
2026-08-23 19:00:00,6.7,8.6,201.0,Indiranagar
2026-08-23 20:00:00,6.0,7.6,193.0,Indiranagar
2026-08-23 21:00:00,5.3,6.4,183.0,Indiranagar
2026-08-23 22:00:00,4.7,5.5,170.0,Indiranagar
2026-08-23 23:00:00,3.9,4.7,157.0,Indiranagar
2026-08-24 00:00:00,4.0,5.7,146.0,Indiranagar
2026-08-24 01:00:00,3.4,4.7,136.0,Indiranagar
2026-08-24 02:00:00,2.6,3.3,128.0,Indiranagar
2026-08-24 03:00:00,2.4,3.1,124.0,Indiranagar
2026-08-24 04:00:00,2.5,3.3,123.0,Indiranagar
2026-08-24 05:00:00,2.6,3.4,122.0,Indiranagar
2026-08-24 06:00:00,,,,Indiranagar
2026-08-24 07:00:00,,,,Indiranagar
2026-08-24 08:00:00,,,,Indiranagar
2026-08-24 09:00:00,,,,Indiranagar
2026-08-24 10:00:00,,,,Indiranagar
2026-08-24 11:00:00,,,,Indiranagar
2026-08-24 12:00:00,,,,Indiranagar
2026-08-24 13:00:00,,,,Indiranagar
2026-08-24 14:00:00,,,,Indiranagar
2026-08-24 15:00:00,,,,Indiranagar
2026-08-24 16:00:00,,,,Indiranagar
2026-08-24 17:00:00,,,,Indiranagar
2026-08-24 18:00:00,,,,Indiranagar
2026-08-24 19:00:00,,,,Indiranagar
2026-08-24 20:00:00,,,,Indiranagar
2026-08-24 21:00:00,,,,Indiranagar
2026-08-24 22:00:00,,,,Indiranagar
2026-08-24 23:00:00,,,,Indiranagar
2026-08-25 00:00:00,,,,Indiranagar
2026-08-25 01:00:00,,,,Indiranagar
2026-08-25 02:00:00,,,,Indiranagar
2026-08-25 03:00:00,,,,Indiranagar
2026-08-25 04:00:00,,,,Indiranagar
2026-08-25 05:00:00,,,,Indiranagar
2026-08-25 06:00:00,,,,Indiranagar
2026-08-25 07:00:00,,,,Indiranagar
2026-08-25 08:00:00,,,,Indiranagar
2026-08-25 09:00:00,,,,Indiranagar
2026-08-25 10:00:00,,,,Indiranagar
2026-08-25 11:00:00,,,,Indiranagar
2026-08-25 12:00:00,,,,Indiranagar
2026-08-25 13:00:00,,,,Indiranagar
2026-08-25 14:00:00,,,,Indiranagar
2026-08-25 15:00:00,,,,Indiranagar
2026-08-25 16:00:00,,,,Indiranagar
2026-08-25 17:00:00,,,,Indiranagar
2026-08-25 18:00:00,,,,Indiranagar
2026-08-25 19:00:00,,,,Indiranagar
2026-08-25 20:00:00,,,,Indiranagar
2026-08-25 21:00:00,,,,Indiranagar
2026-08-25 22:00:00,,,,Indiranagar
2026-08-25 23:00:00,,,,Indiranagar
2026-08-19 00:00:00,7.5,10.6,263.0,Hebbal
2026-08-19 01:00:00,6.0,8.4,213.0,Hebbal
2026-08-19 02:00:00,5.2,7.3,178.0,Hebbal
2026-08-19 03:00:00,4.8,7.1,160.0,Hebbal
2026-08-19 04:00:00,4.7,7.3,158.0,Hebbal
2026-08-19 05:00:00,4.6,7.6,175.0,Hebbal
2026-08-19 06:00:00,4.8,7.9,232.0,Hebbal
2026-08-19 07:00:00,5.3,8.6,309.0,Hebbal
2026-08-19 08:00:00,5.2,8.7,350.0,Hebbal
2026-08-19 09:00:00,5.2,9.7,320.0,Hebbal
2026-08-19 10:00:00,5.1,9.5,254.0,Hebbal
2026-08-19 11:00:00,5.4,10.6,206.0,Hebbal
2026-08-19 12:00:00,6.7,14.3,187.0,Hebbal
2026-08-19 13:00:00,7.4,15.8,186.0,Hebbal
2026-08-19 14:00:00,8.1,17.5,219.0,Hebbal
2026-08-19 15:00:00,8.1,17.7,313.0,Hebbal
2026-08-19 16:00:00,8.1,17.2,442.0,Hebbal
2026-08-19 17:00:00,8.1,14.9,543.0,Hebbal
2026-08-19 18:00:00,8.3,13.1,601.0,Hebbal
2026-08-19 19:00:00,11.3,19.4,632.0,Hebbal
2026-08-19 20:00:00,8.7,12.3,623.0,Hebbal
2026-08-19 21:00:00,7.5,10.5,552.0,Hebbal
2026-08-19 22:00:00,6.6,9.2,440.0,Hebbal
2026-08-19 23:00:00,5.8,8.2,341.0,Hebbal
2026-08-20 00:00:00,4.9,7.4,271.0,Hebbal
2026-08-20 01:00:00,3.9,6.3,213.0,Hebbal
2026-08-20 02:00:00,3.6,6.3,175.0,Hebbal
2026-08-20 03:00:00,3.5,6.4,160.0,Hebbal
2026-08-20 04:00:00,3.1,5.7,165.0,Hebbal
2026-08-20 05:00:00,3.1,5.6,186.0,Hebbal
2026-08-20 06:00:00,3.2,5.4,238.0,Hebbal
2026-08-20 07:00:00,3.8,6.6,306.0,Hebbal
2026-08-20 08:00:00,4.7,8.4,342.0,Hebbal
2026-08-20 09:00:00,5.3,9.0,315.0,Hebbal
2026-08-20 10:00:00,5.9,11.1,257.0,Hebbal
2026-08-20 11:00:00,6.0,12.5,212.0,Hebbal
2026-08-20 12:00:00,6.5,14.8,197.0,Hebbal
2026-08-20 13:00:00,6.8,16.4,196.0,Hebbal
2026-08-20 14:00:00,7.4,18.2,209.0,Hebbal
2026-08-20 15:00:00,7.3,17.5,242.0,Hebbal
2026-08-20 16:00:00,7.2,16.1,289.0,Hebbal
2026-08-20 17:00:00,6.8,13.5,328.0,Hebbal
2026-08-20 18:00:00,8.1,13.0,354.0,Hebbal
2026-08-20 19:00:00,9.9,15.6,373.0,Hebbal
2026-08-20 20:00:00,9.3,13.5,378.0,Hebbal
2026-08-20 21:00:00,8.4,11.8,365.0,Hebbal
2026-08-20 22:00:00,7.9,10.9,339.0,Hebbal
2026-08-20 23:00:00,7.4,10.0,304.0,Hebbal
2026-08-21 00:00:00,6.4,8.7,256.0,Hebbal
2026-08-21 01:00:00,5.0,6.7,199.0,Hebbal
2026-08-21 02:00:00,4.3,5.7,159.0,Hebbal
2026-08-21 03:00:00,3.7,5.1,141.0,Hebbal
2026-08-21 04:00:00,3.3,4.8,139.0,Hebbal
2026-08-21 05:00:00,3.2,4.7,156.0,Hebbal
2026-08-21 06:00:00,3.5,5.5,209.0,Hebbal
2026-08-21 07:00:00,3.9,6.0,280.0,Hebbal
2026-08-21 08:00:00,5.2,8.2,320.0,Hebbal
2026-08-21 09:00:00,5.4,8.6,296.0,Hebbal
2026-08-21 10:00:00,5.9,10.4,241.0,Hebbal
2026-08-21 11:00:00,6.7,12.3,201.0,Hebbal
2026-08-21 12:00:00,7.8,16.2,193.0,Hebbal
2026-08-21 13:00:00,9.3,21.4,200.0,Hebbal
2026-08-21 14:00:00,10.8,24.6,214.0,Hebbal
2026-08-21 15:00:00,9.6,19.8,235.0,Hebbal
2026-08-21 16:00:00,8.6,16.6,262.0,Hebbal
2026-08-21 17:00:00,8.8,16.4,290.0,Hebbal
2026-08-21 18:00:00,8.9,14.9,320.0,Hebbal
2026-08-21 19:00:00,9.4,13.6,350.0,Hebbal
2026-08-21 20:00:00,9.4,12.8,364.0,Hebbal
2026-08-21 21:00:00,9.0,11.8,353.0,Hebbal
2026-08-21 22:00:00,8.3,10.9,325.0,Hebbal
2026-08-21 23:00:00,7.4,9.7,289.0,Hebbal
2026-08-22 00:00:00,5.8,7.6,240.0,Hebbal
2026-08-22 01:00:00,4.6,6.0,183.0,Hebbal
2026-08-22 02:00:00,3.9,5.0,144.0,Hebbal
2026-08-22 03:00:00,3.8,5.2,135.0,Hebbal
2026-08-22 04:00:00,3.1,4.0,145.0,Hebbal
2026-08-22 05:00:00,2.9,3.7,165.0,Hebbal
2026-08-22 06:00:00,2.8,3.5,204.0,Hebbal
2026-08-22 07:00:00,3.0,3.7,254.0,Hebbal
2026-08-22 08:00:00,2.9,3.9,282.0,Hebbal
2026-08-22 09:00:00,3.2,4.8,268.0,Hebbal
2026-08-22 10:00:00,3.5,5.6,232.0,Hebbal
2026-08-22 11:00:00,4.7,8.6,205.0,Hebbal
2026-08-22 12:00:00,5.2,9.3,198.0,Hebbal
2026-08-22 13:00:00,5.5,9.7,201.0,Hebbal
2026-08-22 14:00:00,5.4,9.3,213.0,Hebbal
2026-08-22 15:00:00,5.6,9.5,235.0,Hebbal
2026-08-22 16:00:00,6.0,10.8,268.0,Hebbal
2026-08-22 17:00:00,6.4,10.2,308.0,Hebbal
2026-08-22 18:00:00,6.5,9.5,372.0,Hebbal
2026-08-22 19:00:00,7.1,9.3,445.0,Hebbal
2026-08-22 20:00:00,7.0,8.8,478.0,Hebbal
2026-08-22 21:00:00,6.1,7.6,439.0,Hebbal
2026-08-22 22:00:00,5.4,6.7,361.0,Hebbal
2026-08-22 23:00:00,4.7,5.9,289.0,Hebbal
2026-08-23 00:00:00,3.7,4.9,236.0,Hebbal
2026-08-23 01:00:00,2.7,3.7,190.0,Hebbal
2026-08-23 02:00:00,2.7,4.2,159.0,Hebbal
2026-08-23 03:00:00,2.4,3.8,153.0,Hebbal
2026-08-23 04:00:00,2.4,3.9,164.0,Hebbal
2026-08-23 05:00:00,2.6,4.3,156.8,Hebbal
2026-08-23 06:00:00,2.7,4.1,145.0,Hebbal
2026-08-23 07:00:00,3.1,4.6,136.5,Hebbal
2026-08-23 08:00:00,3.1,4.5,130.0,Hebbal
2026-08-23 09:00:00,3.7,6.1,130.0,Hebbal
2026-08-23 10:00:00,4.3,7.2,128.0,Hebbal
2026-08-23 11:00:00,6.4,13.1,126.0,Hebbal
2026-08-23 12:00:00,5.0,9.4,123.0,Hebbal
2026-08-23 13:00:00,5.1,9.8,120.0,Hebbal
2026-08-23 14:00:00,4.6,9.1,122.0,Hebbal
2026-08-23 15:00:00,10.4,23.5,135.0,Hebbal
2026-08-23 16:00:00,5.4,10.5,154.0,Hebbal
2026-08-23 17:00:00,6.4,10.1,167.0,Hebbal
2026-08-23 18:00:00,6.3,9.9,171.0,Hebbal
2026-08-23 19:00:00,6.7,9.2,170.0,Hebbal
2026-08-23 20:00:00,5.9,7.8,166.0,Hebbal
2026-08-23 21:00:00,5.1,6.7,158.0,Hebbal
2026-08-23 22:00:00,4.6,6.0,147.0,Hebbal
2026-08-23 23:00:00,4.1,5.4,137.0,Hebbal
2026-08-24 00:00:00,3.4,4.5,130.0,Hebbal
2026-08-24 01:00:00,3.0,4.1,124.0,Hebbal
2026-08-24 02:00:00,2.8,3.9,120.0,Hebbal
2026-08-24 03:00:00,3.2,4.8,119.0,Hebbal
2026-08-24 04:00:00,2.8,3.7,121.0,Hebbal
2026-08-24 05:00:00,2.7,3.6,122.0,Hebbal
2026-08-24 06:00:00,,,,Hebbal
2026-08-24 07:00:00,,,,Hebbal
2026-08-24 08:00:00,,,,Hebbal
2026-08-24 09:00:00,,,,Hebbal
2026-08-24 10:00:00,,,,Hebbal
2026-08-24 11:00:00,,,,Hebbal
2026-08-24 12:00:00,,,,Hebbal
2026-08-24 13:00:00,,,,Hebbal
2026-08-24 14:00:00,,,,Hebbal
2026-08-24 15:00:00,,,,Hebbal
2026-08-24 16:00:00,,,,Hebbal
2026-08-24 17:00:00,,,,Hebbal
2026-08-24 18:00:00,,,,Hebbal
2026-08-24 19:00:00,,,,Hebbal
2026-08-24 20:00:00,,,,Hebbal
2026-08-24 21:00:00,,,,Hebbal
2026-08-24 22:00:00,,,,Hebbal
2026-08-24 23:00:00,,,,Hebbal
2026-08-25 00:00:00,,,,Hebbal
2026-08-25 01:00:00,,,,Hebbal
2026-08-25 02:00:00,,,,Hebbal
2026-08-25 03:00:00,,,,Hebbal
2026-08-25 04:00:00,,,,Hebbal
2026-08-25 05:00:00,,,,Hebbal
2026-08-25 06:00:00,,,,Hebbal
2026-08-25 07:00:00,,,,Hebbal
2026-08-25 08:00:00,,,,Hebbal
2026-08-25 09:00:00,,,,Hebbal
2026-08-25 10:00:00,,,,Hebbal
2026-08-25 11:00:00,,,,Hebbal
2026-08-25 12:00:00,,,,Hebbal
2026-08-25 13:00:00,,,,Hebbal
2026-08-25 14:00:00,,,,Hebbal
2026-08-25 15:00:00,,,,Hebbal
2026-08-25 16:00:00,,,,Hebbal
2026-08-25 17:00:00,,,,Hebbal
2026-08-25 18:00:00,,,,Hebbal
2026-08-25 19:00:00,,,,Hebbal
2026-08-25 20:00:00,,,,Hebbal
2026-08-25 21:00:00,,,,Hebbal
2026-08-25 22:00:00,,,,Hebbal
2026-08-25 23:00:00,,,,Hebbal
2026-08-19 00:00:00,9.2,12.2,181.0,Electronic City
2026-08-19 01:00:00,7.7,10.3,164.0,Electronic City
2026-08-19 02:00:00,6.6,8.8,150.0,Electronic City
2026-08-19 03:00:00,5.7,7.5,138.0,Electronic City
2026-08-19 04:00:00,5.2,6.8,130.0,Electronic City
2026-08-19 05:00:00,4.5,6.1,128.0,Electronic City
2026-08-19 06:00:00,4.8,6.7,140.0,Electronic City
2026-08-19 07:00:00,5.8,8.5,158.0,Electronic City
2026-08-19 08:00:00,5.9,9.4,168.0,Electronic City
2026-08-19 09:00:00,5.8,10.0,159.0,Electronic City
2026-08-19 10:00:00,5.7,9.6,142.0,Electronic City
2026-08-19 11:00:00,5.4,9.4,129.0,Electronic City
2026-08-19 12:00:00,5.7,10.6,125.0,Electronic City
2026-08-19 13:00:00,6.5,13.3,126.0,Electronic City
2026-08-19 14:00:00,7.6,16.2,132.0,Electronic City
2026-08-19 15:00:00,8.6,18.5,145.0,Electronic City
2026-08-19 16:00:00,9.0,16.5,163.0,Electronic City
2026-08-19 17:00:00,10.7,16.6,180.0,Electronic City
2026-08-19 18:00:00,11.5,16.8,197.0,Electronic City
2026-08-19 19:00:00,12.5,17.9,214.0,Electronic City
2026-08-19 20:00:00,11.4,16.2,219.0,Electronic City
2026-08-19 21:00:00,10.1,14.1,205.0,Electronic City
2026-08-19 22:00:00,8.8,12.0,181.0,Electronic City
2026-08-19 23:00:00,7.3,9.6,159.0,Electronic City
2026-08-20 00:00:00,5.7,7.6,145.0,Electronic City
2026-08-20 01:00:00,4.6,6.3,134.0,Electronic City
2026-08-20 02:00:00,4.2,6.0,125.0,Electronic City
2026-08-20 03:00:00,3.8,5.5,118.0,Electronic City
2026-08-20 04:00:00,3.3,4.7,114.0,Electronic City
2026-08-20 05:00:00,3.1,4.4,114.0,Electronic City
2026-08-20 06:00:00,3.3,4.6,120.0,Electronic City
2026-08-20 07:00:00,3.6,5.3,131.0,Electronic City
2026-08-20 08:00:00,4.4,7.3,137.0,Electronic City
2026-08-20 09:00:00,5.3,8.8,135.0,Electronic City
2026-08-20 10:00:00,5.9,10.7,128.0,Electronic City
2026-08-20 11:00:00,5.9,11.6,124.0,Electronic City
2026-08-20 12:00:00,6.2,13.0,122.0,Electronic City
2026-08-20 13:00:00,6.3,13.8,123.0,Electronic City
2026-08-20 14:00:00,6.7,14.5,127.0,Electronic City
2026-08-20 15:00:00,7.0,13.9,139.0,Electronic City
2026-08-20 16:00:00,8.0,14.5,156.0,Electronic City
2026-08-20 17:00:00,9.6,17.4,169.0,Electronic City
2026-08-20 18:00:00,10.2,15.7,177.0,Electronic City
2026-08-20 19:00:00,11.0,16.5,182.0,Electronic City
2026-08-20 20:00:00,10.3,14.5,182.0,Electronic City
2026-08-20 21:00:00,9.3,12.5,176.0,Electronic City
2026-08-20 22:00:00,8.7,11.5,165.0,Electronic City
2026-08-20 23:00:00,7.7,10.0,153.0,Electronic City
2026-08-21 00:00:00,6.5,8.6,140.0,Electronic City
2026-08-21 01:00:00,6.2,8.6,126.0,Electronic City
2026-08-21 02:00:00,5.6,7.5,115.0,Electronic City
2026-08-21 03:00:00,4.9,6.4,108.0,Electronic City
2026-08-21 04:00:00,4.3,5.7,105.0,Electronic City
2026-08-21 05:00:00,3.9,5.1,105.0,Electronic City
2026-08-21 06:00:00,3.8,5.0,112.0,Electronic City
2026-08-21 07:00:00,4.2,6.0,122.0,Electronic City
2026-08-21 08:00:00,5.0,7.7,129.0,Electronic City
2026-08-21 09:00:00,5.6,8.4,129.0,Electronic City
2026-08-21 10:00:00,6.4,10.2,125.0,Electronic City
2026-08-21 11:00:00,7.2,12.6,122.0,Electronic City
2026-08-21 12:00:00,8.6,17.2,121.0,Electronic City
2026-08-21 13:00:00,9.5,19.3,122.0,Electronic City
2026-08-21 14:00:00,9.7,19.6,124.0,Electronic City
2026-08-21 15:00:00,9.9,19.7,130.0,Electronic City
2026-08-21 16:00:00,9.6,18.0,139.0,Electronic City
2026-08-21 17:00:00,9.3,15.4,146.0,Electronic City
2026-08-21 18:00:00,10.3,15.2,151.0,Electronic City
2026-08-21 19:00:00,10.7,14.5,156.0,Electronic City
2026-08-21 20:00:00,10.3,13.6,157.0,Electronic City
2026-08-21 21:00:00,9.8,12.9,153.0,Electronic City
2026-08-21 22:00:00,9.2,12.0,146.0,Electronic City
2026-08-21 23:00:00,7.1,9.1,142.0,Electronic City
2026-08-22 00:00:00,5.6,7.1,144.0,Electronic City
2026-08-22 01:00:00,4.7,5.9,149.0,Electronic City
2026-08-22 02:00:00,4.1,5.4,153.0,Electronic City
2026-08-22 03:00:00,3.9,5.2,153.0,Electronic City
2026-08-22 04:00:00,3.7,4.9,152.0,Electronic City
2026-08-22 05:00:00,3.4,4.5,151.0,Electronic City
2026-08-22 06:00:00,3.2,4.1,152.0,Electronic City
2026-08-22 07:00:00,3.6,4.5,154.0,Electronic City
2026-08-22 08:00:00,3.7,5.0,152.0,Electronic City
2026-08-22 09:00:00,4.0,6.0,144.0,Electronic City
2026-08-22 10:00:00,4.6,7.1,132.0,Electronic City
2026-08-22 11:00:00,5.2,8.5,124.0,Electronic City
2026-08-22 12:00:00,5.6,9.7,120.0,Electronic City
2026-08-22 13:00:00,6.1,10.8,120.0,Electronic City
2026-08-22 14:00:00,6.3,10.9,123.0,Electronic City
2026-08-22 15:00:00,6.2,10.5,133.0,Electronic City
2026-08-22 16:00:00,6.4,10.8,148.0,Electronic City
2026-08-22 17:00:00,7.7,11.0,160.0,Electronic City
2026-08-22 18:00:00,8.4,11.3,168.0,Electronic City
2026-08-22 19:00:00,8.6,10.8,174.0,Electronic City
2026-08-22 20:00:00,7.7,9.4,176.0,Electronic City
2026-08-22 21:00:00,6.7,8.1,171.0,Electronic City
2026-08-22 22:00:00,5.3,6.3,162.0,Electronic City
2026-08-22 23:00:00,4.4,5.1,157.0,Electronic City
2026-08-23 00:00:00,3.4,4.0,160.0,Electronic City
2026-08-23 01:00:00,3.3,4.5,165.0,Electronic City
2026-08-23 02:00:00,2.7,3.5,167.0,Electronic City
2026-08-23 03:00:00,2.6,3.4,159.0,Electronic City
2026-08-23 04:00:00,2.5,3.5,146.0,Electronic City
2026-08-23 05:00:00,2.5,3.5,135.8,Electronic City
2026-08-23 06:00:00,3.0,4.2,133.5,Electronic City
2026-08-23 07:00:00,3.2,4.8,139.0,Electronic City
2026-08-23 08:00:00,3.6,5.3,145.0,Electronic City
2026-08-23 09:00:00,5.0,9.2,144.0,Electronic City
2026-08-23 10:00:00,5.3,8.6,141.0,Electronic City
2026-08-23 11:00:00,5.7,9.8,137.0,Electronic City
2026-08-23 12:00:00,5.3,9.4,132.0,Electronic City
2026-08-23 13:00:00,5.6,10.5,127.0,Electronic City
2026-08-23 14:00:00,5.5,10.4,131.0,Electronic City
2026-08-23 15:00:00,5.7,11.0,152.0,Electronic City
2026-08-23 16:00:00,7.1,12.6,181.0,Electronic City
2026-08-23 17:00:00,7.2,10.5,201.0,Electronic City
2026-08-23 18:00:00,6.5,9.0,205.0,Electronic City
2026-08-23 19:00:00,6.7,8.6,201.0,Electronic City
2026-08-23 20:00:00,6.0,7.6,193.0,Electronic City
2026-08-23 21:00:00,5.3,6.4,183.0,Electronic City
2026-08-23 22:00:00,4.7,5.5,170.0,Electronic City
2026-08-23 23:00:00,3.9,4.7,157.0,Electronic City
2026-08-24 00:00:00,4.0,5.7,146.0,Electronic City
2026-08-24 01:00:00,3.4,4.7,136.0,Electronic City
2026-08-24 02:00:00,2.6,3.3,128.0,Electronic City
2026-08-24 03:00:00,2.4,3.1,124.0,Electronic City
2026-08-24 04:00:00,2.5,3.3,123.0,Electronic City
2026-08-24 05:00:00,2.6,3.4,122.0,Electronic City
2026-08-24 06:00:00,,,,Electronic City
2026-08-24 07:00:00,,,,Electronic City
2026-08-24 08:00:00,,,,Electronic City
2026-08-24 09:00:00,,,,Electronic City
2026-08-24 10:00:00,,,,Electronic City
2026-08-24 11:00:00,,,,Electronic City
2026-08-24 12:00:00,,,,Electronic City
2026-08-24 13:00:00,,,,Electronic City
2026-08-24 14:00:00,,,,Electronic City
2026-08-24 15:00:00,,,,Electronic City
2026-08-24 16:00:00,,,,Electronic City
2026-08-24 17:00:00,,,,Electronic City
2026-08-24 18:00:00,,,,Electronic City
2026-08-24 19:00:00,,,,Electronic City
2026-08-24 20:00:00,,,,Electronic City
2026-08-24 21:00:00,,,,Electronic City
2026-08-24 22:00:00,,,,Electronic City
2026-08-24 23:00:00,,,,Electronic City
2026-08-25 00:00:00,,,,Electronic City
2026-08-25 01:00:00,,,,Electronic City
2026-08-25 02:00:00,,,,Electronic City
2026-08-25 03:00:00,,,,Electronic City
2026-08-25 04:00:00,,,,Electronic City
2026-08-25 05:00:00,,,,Electronic City
2026-08-25 06:00:00,,,,Electronic City
2026-08-25 07:00:00,,,,Electronic City
2026-08-25 08:00:00,,,,Electronic City
2026-08-25 09:00:00,,,,Electronic City
2026-08-25 10:00:00,,,,Electronic City
2026-08-25 11:00:00,,,,Electronic City
2026-08-25 12:00:00,,,,Electronic City
2026-08-25 13:00:00,,,,Electronic City
2026-08-25 14:00:00,,,,Electronic City
2026-08-25 15:00:00,,,,Electronic City
2026-08-25 16:00:00,,,,Electronic City
2026-08-25 17:00:00,,,,Electronic City
2026-08-25 18:00:00,,,,Electronic City
2026-08-25 19:00:00,,,,Electronic City
2026-08-25 20:00:00,,,,Electronic City
2026-08-25 21:00:00,,,,Electronic City
2026-08-25 22:00:00,,,,Electronic City
2026-08-25 23:00:00,,,,Electronic City
2026-08-19 00:00:00,9.2,12.2,273.0,Whitefield
2026-08-19 01:00:00,7.7,10.3,227.0,Whitefield
2026-08-19 02:00:00,6.6,8.8,191.0,Whitefield
2026-08-19 03:00:00,5.7,7.5,170.0,Whitefield
2026-08-19 04:00:00,5.2,6.8,161.0,Whitefield
2026-08-19 05:00:00,4.5,6.1,168.0,Whitefield
2026-08-19 06:00:00,4.8,6.7,209.0,Whitefield
2026-08-19 07:00:00,5.8,8.5,268.0,Whitefield
2026-08-19 08:00:00,5.9,9.4,298.0,Whitefield
2026-08-19 09:00:00,5.8,10.0,271.0,Whitefield
2026-08-19 10:00:00,5.7,9.6,217.0,Whitefield
2026-08-19 11:00:00,5.4,9.4,177.0,Whitefield
2026-08-19 12:00:00,5.7,10.6,161.0,Whitefield
2026-08-19 13:00:00,6.5,13.3,159.0,Whitefield
2026-08-19 14:00:00,7.6,16.2,185.0,Whitefield
2026-08-19 15:00:00,8.6,18.5,252.0,Whitefield
2026-08-19 16:00:00,9.0,16.5,348.0,Whitefield
2026-08-19 17:00:00,10.7,16.6,449.0,Whitefield
2026-08-19 18:00:00,11.5,16.8,578.0,Whitefield
2026-08-19 19:00:00,12.5,17.9,713.0,Whitefield
2026-08-19 20:00:00,11.4,16.2,765.0,Whitefield
2026-08-19 21:00:00,10.1,14.1,666.0,Whitefield
2026-08-19 22:00:00,8.8,12.0,483.0,Whitefield
2026-08-19 23:00:00,7.3,9.6,331.0,Whitefield
2026-08-20 00:00:00,5.7,7.6,252.0,Whitefield
2026-08-20 01:00:00,4.6,6.3,204.0,Whitefield
2026-08-20 02:00:00,4.2,6.0,173.0,Whitefield
2026-08-20 03:00:00,3.8,5.5,157.0,Whitefield
2026-08-20 04:00:00,3.3,4.7,158.0,Whitefield
2026-08-20 05:00:00,3.1,4.4,174.0,Whitefield
2026-08-20 06:00:00,3.3,4.6,218.0,Whitefield
2026-08-20 07:00:00,3.6,5.3,276.0,Whitefield
2026-08-20 08:00:00,4.4,7.3,306.0,Whitefield
2026-08-20 09:00:00,5.3,8.8,280.0,Whitefield
2026-08-20 10:00:00,5.9,10.7,226.0,Whitefield
2026-08-20 11:00:00,5.9,11.6,185.0,Whitefield
2026-08-20 12:00:00,6.2,13.0,172.0,Whitefield
2026-08-20 13:00:00,6.3,13.8,171.0,Whitefield
2026-08-20 14:00:00,6.7,14.5,180.0,Whitefield
2026-08-20 15:00:00,7.0,13.9,199.0,Whitefield
2026-08-20 16:00:00,8.0,14.5,228.0,Whitefield
2026-08-20 17:00:00,9.6,17.4,258.0,Whitefield
2026-08-20 18:00:00,10.2,15.7,293.0,Whitefield
2026-08-20 19:00:00,11.0,16.5,330.0,Whitefield
2026-08-20 20:00:00,10.3,14.5,348.0,Whitefield
2026-08-20 21:00:00,9.3,12.5,337.0,Whitefield
2026-08-20 22:00:00,8.7,11.5,308.0,Whitefield
2026-08-20 23:00:00,7.7,10.0,274.0,Whitefield
2026-08-21 00:00:00,6.5,8.6,234.0,Whitefield
2026-08-21 01:00:00,6.2,8.6,190.0,Whitefield
2026-08-21 02:00:00,5.6,7.5,157.0,Whitefield
2026-08-21 03:00:00,4.9,6.4,140.0,Whitefield
2026-08-21 04:00:00,4.3,5.7,135.0,Whitefield
2026-08-21 05:00:00,3.9,5.1,144.0,Whitefield
2026-08-21 06:00:00,3.8,5.0,182.0,Whitefield
2026-08-21 07:00:00,4.2,6.0,234.0,Whitefield
2026-08-21 08:00:00,5.0,7.7,264.0,Whitefield
2026-08-21 09:00:00,5.6,8.4,249.0,Whitefield
2026-08-21 10:00:00,6.4,10.2,211.0,Whitefield
2026-08-21 11:00:00,7.2,12.6,183.0,Whitefield
2026-08-21 12:00:00,8.6,17.2,175.0,Whitefield
2026-08-21 13:00:00,9.5,19.3,176.0,Whitefield
2026-08-21 14:00:00,9.7,19.6,184.0,Whitefield
2026-08-21 15:00:00,9.9,19.7,198.0,Whitefield
2026-08-21 16:00:00,9.6,18.0,218.0,Whitefield
2026-08-21 17:00:00,9.3,15.4,243.0,Whitefield
2026-08-21 18:00:00,10.3,15.2,281.0,Whitefield
2026-08-21 19:00:00,10.7,14.5,323.0,Whitefield
2026-08-21 20:00:00,10.3,13.6,346.0,Whitefield
2026-08-21 21:00:00,9.8,12.9,336.0,Whitefield
2026-08-21 22:00:00,9.2,12.0,306.0,Whitefield
2026-08-21 23:00:00,7.1,9.1,271.0,Whitefield
2026-08-22 00:00:00,5.6,7.1,229.0,Whitefield
2026-08-22 01:00:00,4.7,5.9,181.0,Whitefield
2026-08-22 02:00:00,4.1,5.4,147.0,Whitefield
2026-08-22 03:00:00,3.9,5.2,135.0,Whitefield
2026-08-22 04:00:00,3.7,4.9,138.0,Whitefield
2026-08-22 05:00:00,3.4,4.5,150.0,Whitefield
2026-08-22 06:00:00,3.2,4.1,180.0,Whitefield
2026-08-22 07:00:00,3.6,4.5,220.0,Whitefield
2026-08-22 08:00:00,3.7,5.0,243.0,Whitefield
2026-08-22 09:00:00,4.0,6.0,231.0,Whitefield
2026-08-22 10:00:00,4.6,7.1,201.0,Whitefield
2026-08-22 11:00:00,5.2,8.5,179.0,Whitefield
2026-08-22 12:00:00,5.6,9.7,174.0,Whitefield
2026-08-22 13:00:00,6.1,10.8,178.0,Whitefield
2026-08-22 14:00:00,6.3,10.9,188.0,Whitefield
2026-08-22 15:00:00,6.2,10.5,201.0,Whitefield
2026-08-22 16:00:00,6.4,10.8,220.0,Whitefield
2026-08-22 17:00:00,7.7,11.0,258.0,Whitefield
2026-08-22 18:00:00,8.4,11.3,341.0,Whitefield
2026-08-22 19:00:00,8.6,10.8,441.0,Whitefield
2026-08-22 20:00:00,7.7,9.4,492.0,Whitefield
2026-08-22 21:00:00,6.7,8.1,449.0,Whitefield
2026-08-22 22:00:00,5.3,6.3,355.0,Whitefield
2026-08-22 23:00:00,4.4,5.1,273.0,Whitefield
2026-08-23 00:00:00,3.4,4.0,222.0,Whitefield
2026-08-23 01:00:00,3.3,4.5,182.0,Whitefield
2026-08-23 02:00:00,2.7,3.5,157.0,Whitefield
2026-08-23 03:00:00,2.6,3.4,152.0,Whitefield
2026-08-23 04:00:00,2.5,3.5,161.0,Whitefield
2026-08-23 05:00:00,2.5,3.5,156.8,Whitefield
2026-08-23 06:00:00,3.0,4.2,149.0,Whitefield
2026-08-23 07:00:00,3.2,4.8,146.3,Whitefield
2026-08-23 08:00:00,3.6,5.3,145.0,Whitefield
2026-08-23 09:00:00,5.0,9.2,144.0,Whitefield
2026-08-23 10:00:00,5.3,8.6,141.0,Whitefield
2026-08-23 11:00:00,5.7,9.8,137.0,Whitefield
2026-08-23 12:00:00,5.3,9.4,132.0,Whitefield
2026-08-23 13:00:00,5.6,10.5,127.0,Whitefield
2026-08-23 14:00:00,5.5,10.4,131.0,Whitefield
2026-08-23 15:00:00,5.7,11.0,152.0,Whitefield
2026-08-23 16:00:00,7.1,12.6,181.0,Whitefield
2026-08-23 17:00:00,7.2,10.5,201.0,Whitefield
2026-08-23 18:00:00,6.5,9.0,205.0,Whitefield
2026-08-23 19:00:00,6.7,8.6,201.0,Whitefield
2026-08-23 20:00:00,6.0,7.6,193.0,Whitefield
2026-08-23 21:00:00,5.3,6.4,183.0,Whitefield
2026-08-23 22:00:00,4.7,5.5,170.0,Whitefield
2026-08-23 23:00:00,3.9,4.7,157.0,Whitefield
2026-08-24 00:00:00,4.0,5.7,146.0,Whitefield
2026-08-24 01:00:00,3.4,4.7,136.0,Whitefield
2026-08-24 02:00:00,2.6,3.3,128.0,Whitefield
2026-08-24 03:00:00,2.4,3.1,124.0,Whitefield
2026-08-24 04:00:00,2.5,3.3,123.0,Whitefield
2026-08-24 05:00:00,2.6,3.4,122.0,Whitefield
2026-08-24 06:00:00,,,,Whitefield
2026-08-24 07:00:00,,,,Whitefield
2026-08-24 08:00:00,,,,Whitefield
2026-08-24 09:00:00,,,,Whitefield
2026-08-24 10:00:00,,,,Whitefield
2026-08-24 11:00:00,,,,Whitefield
2026-08-24 12:00:00,,,,Whitefield
2026-08-24 13:00:00,,,,Whitefield
2026-08-24 14:00:00,,,,Whitefield
2026-08-24 15:00:00,,,,Whitefield
2026-08-24 16:00:00,,,,Whitefield
2026-08-24 17:00:00,,,,Whitefield
2026-08-24 18:00:00,,,,Whitefield
2026-08-24 19:00:00,,,,Whitefield
2026-08-24 20:00:00,,,,Whitefield
2026-08-24 21:00:00,,,,Whitefield
2026-08-24 22:00:00,,,,Whitefield
2026-08-24 23:00:00,,,,Whitefield
2026-08-25 00:00:00,,,,Whitefield
2026-08-25 01:00:00,,,,Whitefield
2026-08-25 02:00:00,,,,Whitefield
2026-08-25 03:00:00,,,,Whitefield
2026-08-25 04:00:00,,,,Whitefield
2026-08-25 05:00:00,,,,Whitefield
2026-08-25 06:00:00,,,,Whitefield
2026-08-25 07:00:00,,,,Whitefield
2026-08-25 08:00:00,,,,Whitefield
2026-08-25 09:00:00,,,,Whitefield
2026-08-25 10:00:00,,,,Whitefield
2026-08-25 11:00:00,,,,Whitefield
2026-08-25 12:00:00,,,,Whitefield
2026-08-25 13:00:00,,,,Whitefield
2026-08-25 14:00:00,,,,Whitefield
2026-08-25 15:00:00,,,,Whitefield
2026-08-25 16:00:00,,,,Whitefield
2026-08-25 17:00:00,,,,Whitefield
2026-08-25 18:00:00,,,,Whitefield
2026-08-25 19:00:00,,,,Whitefield
2026-08-25 20:00:00,,,,Whitefield
2026-08-25 21:00:00,,,,Whitefield
2026-08-25 22:00:00,,,,Whitefield
2026-08-25 23:00:00,,,,Whitefield
